feature,avg,std
true_confidence,0.5565444282661439,0.022986707138725433
false_confidence,0.39806935043663283,0.003372995708076836
