task,avg,std
1,366.881173,117.57271435210197
2,490.876072,209.47872538237945
3,496.034195,246.67379345270837
